zip,migration_score,median_rent,rent_band_1200-1800,rent_band_1800-2200,rent_band_2200-2800,housing_preference_co_living,housing_preference_own_apartment,household_alone,household_with_co_leaser,tag_co_living,tag_pet_friendly,tag_quiet,tag_social,tag_transit,tag_walkable
33127,0.0,1283,1,0,0,0,1,0,1,0,0,0,1,1,1
33128,0.0,1191,1,0,0,0,1,0,1,0,0,0,0,1,1
33130,0.0,1553,1,0,0,0,1,0,1,0,0,0,1,1,1
33127,0.0,1283,1,0,0,0,1,1,0,0,0,0,1,1,1
33128,0.0,1191,1,0,0,1,0,1,0,1,0,0,1,1,0
33130,0.0,1553,1,0,0,1,0,1,0,1,0,0,1,1,0
33132,0.74,2373,0,0,1,0,1,1,0,0,0,0,1,1,1
33139,0.53,1680,1,0,0,0,1,1,0,0,0,0,1,1,1
33137,0.48,2142,0,1,0,0,1,1,0,0,0,0,1,1,1
33133,0.41,1824,0,1,0,0,1,0,1,0,1,1,0,0,0
