zip,theme_co_living,theme_expensive,theme_pet_friendly,theme_quiet,theme_single_family,theme_social,theme_transit
33127,0,0,0,0,0,0,1
33127,0,0,0,0,0,1,0
33130,0,0,0,0,0,0,1
33130,0,0,0,1,0,0,0
33139,0,0,0,0,0,1,0
33139,0,1,0,0,0,0,0
33133,0,0,0,1,0,0,0
33133,0,0,1,0,0,0,0
33137,0,0,0,0,0,1,0
33142,0,0,0,1,0,0,0
33135,0,0,0,0,0,1,0
33128,0,0,0,0,0,0,1
33127,1,0,0,0,0,0,0
33128,1,0,0,0,0,0,0
33130,1,0,0,0,0,0,0
33128,0,0,0,0,0,1,0
33130,0,0,0,0,0,1,0
33186,0,0,0,0,1,0,0
33134,0,0,0,0,1,0,0
33156,0,0,0,0,1,0,0
