B01003_001E,B07003_001E,B07003_004E,B07003_010E,B11016_001E,B25003_002E,B25003_003E,zip,median_rent_usd,population,winsorized_zillow_home_value_index,winsorized_zillow_rent_index,winsorized_moved_different_house_pct,winsorized_B25077_001E,winsorized_B25064_001E,winsorized_B07003_008E
792,792,630,330.88157894736844,328,307,21,33109,,792,1509147.9876021838,2833.2084829290993,0.2045454545454545,994064.9999999987,1755.2337662337663,97.0
1873,1824,962,8.0,816,76,740,33122,2370.0,1873,1505538.246902889,2740.611111111112,0.25855645155351853,994064.9999999987,2370.0,241.0
54873,54290,49530,171.0,21227,5080,16147,33125,1238.0,54873,459772.08683978976,2313.579166666667,0.0876772886351077,339300.0,1238.0,2057.0
46798,46403,41635,240.0,18073,7104,10969,33126,1546.0,46798,301782.8818148346,2380.2410256410258,0.1027519772428506,287100.0,1546.0,1763.0
28306,27993,24314,300.0,9661,2819,6842,33127,1283.0,28306,521335.8794192681,2998.258333333333,0.1314257135712499,346000.0,1283.0,1533.0
8989,8937,7310,60.0,3907,123,3784,33128,1191.0,8989,440768.4766146476,2809.2811965811966,0.1820521427772183,292400.0,1191.0,753.0
15184,14954,12414,76.0,7267,3393,3874,33129,2153.0,15184,687646.0024834754,3644.846978557505,0.1698542196067941,526800.0,2153.0,912.0
32946,32573,25611,620.0,16915,2120,14795,33130,1553.0,32946,507206.06561679527,3150.938320381092,0.2137353022441899,436000.0,1553.0,2652.299999999998
22540,22256,15720,418.0,12552,4132,8420,33131,2649.0,22540,588739.6873255532,3793.4822029822026,0.25855645155351853,599100.0,2581.649999999999,1931.0
17136,16658,10852,1075.0,8969,2226,6743,33132,2373.0,17136,529723.155938494,3286.435059422751,0.25855645155351853,535900.0,2373.0,1936.0
34500,33980,27337,361.0,14479,7487,6992,33133,1824.0,34500,1302043.4387278543,3579.6375313635167,0.1954973513831665,825100.0,1824.0,2355.0
37958,37639,32495,175.0,16251,8937,7314,33134,1719.0,37958,878612.0950932098,2919.2217948717957,0.1366667552272908,637300.0,1719.0,2066.0
34742,34353,30834,153.0,14513,3050,11463,33135,1221.0,34742,524384.9916386112,2181.565045248869,0.1024364684307047,367100.0,1221.0,1311.0
16854,16676,13598,459.0,6894,834,6060,33136,1177.0,16854,324841.132442911,2615.060355127096,0.1845766370832333,290500.0,1177.0,1177.0
25283,25107,19428,300.0,11498,3020,8478,33137,2142.0,25283,660793.1404971308,3608.563486755835,0.2261918986736766,462200.0,2142.0,1755.0
28609,28046,24496,493.0,12701,6193,6508,33138,1390.0,28609,789231.1982692367,2323.567901234568,0.1265777651001925,604300.0,1390.0,1242.0
35100,34756,25985,720.0,20113,6338,13775,33139,1680.0,35100,470151.51584802143,3053.251907814408,0.2523593048682241,476000.0,1680.0,2381.0
19785,19386,15550,249.0,8579,4878,3701,33140,1912.0,19785,672784.0087485499,3947.8502506265663,0.197874754977819,837700.0,1912.0,1213.0
35967,35811,28657,477.0,16685,5675,11010,33141,1634.0,35967,419621.26100973465,2582.6062753036435,0.1997710200776297,419900.0,1634.0,2260.0
59121,58483,52219,289.0,20178,5729,14449,33142,1189.0,59121,422302.0997649997,2355.8276094276093,0.1071080484927243,277600.0,1189.0,2328.0
31688,31394,27726,295.0,13337,7356,5981,33143,1709.0,31688,951075.4286086564,2737.06507936508,0.1168376122826017,711800.0,1709.0,934.0
26596,26453,24242,182.0,9296,5195,4101,33144,1611.0,26596,619470.5807951065,2463.365740740741,0.0835822023967035,410200.0,1611.0,638.0
29240,28964,25991,168.0,11809,5921,5888,33145,1694.0,29240,725512.2755852557,2869.461251167133,0.1026446623394558,480100.0,1694.0,1107.0
17962,17776,11860,1188.0,5357,3500,1857,33146,2571.0,17962,1509147.9876021838,3668.254570275404,0.25855645155351853,994064.9999999987,2571.0,1044.0
47065,46498,42751,195.0,14613,7389,7224,33147,1279.0,47065,437440.17210474814,2534.920634920635,0.0805841111445653,234100.0,1279.0,1216.0
14639,14526,12031,39.0,4676,3043,1633,33149,3501.0,14639,1509147.9876021838,4912.726248926529,0.1717609803111661,994064.9999999987,2581.649999999999,452.0
31807,31375,27107,197.0,10910,2995,7915,33150,1094.0,31807,449306.8813780164,2121.8177609427607,0.1360318725099601,317200.0,1094.0,2023.0
14557,14445,12344,40.0,5666,3337,2329,33154,2080.0,14557,1183005.847732993,3810.576441102757,0.145448251990308,716600.0,2080.0,610.0
43702,43308,39041,171.0,14905,10072,4833,33155,1889.0,43702,713042.6696808235,2811.151587301588,0.0985268310704719,464900.0,1889.0,1455.0
32582,32138,28550,111.0,11862,8607,3255,33156,1918.0,32582,1509147.9876021838,2945.871336996337,0.1116435372456282,972000.0,1918.0,1209.0
69152,68437,61850,371.0,21103,13824,7279,33157,1414.0,69152,628559.134050711,2670.6208333333334,0.0962491050162923,433200.0,1414.0,2389.0
6536,6520,6047,7.0,2166,2058,108,33158,3321.0,6536,1362634.423029975,2833.2084829290993,0.0725460122699386,890100.0,2581.649999999999,178.0
42058,41719,35924,529.0,19954,11664,8290,33160,1856.0,42058,512906.7133879154,3031.2898388161543,0.1389055346484815,324100.0,1856.0,1444.0
52824,51812,44203,865.0,17162,6995,10167,33161,1394.0,52824,495025.7214718036,2360.03359345968,0.1468578707635296,355300.0,1394.0,2619.0
48326,47700,43890,655.0,14978,7640,7338,33162,1417.0,48326,468765.9457721563,2120.972222222222,0.0798742138364779,310700.0,1417.0,954.0
42081,41772,36844,217.0,15709,4799,10910,33010,1240.0,42081,531343.7239700719,2186.25,0.1179737623288327,324400.0,1240.0,1721.0
71088,70409,64525,712.0,25048,12205,12843,33012,1470.0,71088,385557.1654073382,2279.6222405045933,0.0835688619352639,313600.0,1470.0,1486.0
29830,29637,27013,113.0,9356,5673,3683,33013,1457.0,29830,564818.2071044594,2800.222222222222,0.0885379761784256,362700.0,1457.0,1087.0
40739,40211,36118,338.0,14420,6554,7866,33014,1574.0,40739,441136.0967234325,2410.4551083591327,0.101788067941608,371000.0,1574.0,1565.0
68517,67936,59056,680.0,23157,12221,10936,33015,1720.0,68517,396140.2992868467,2379.724198506807,0.1307112576542628,358400.0,1720.0,2652.299999999998
45620,45167,41251,143.0,15621,7760,7861,33016,1652.0,45620,296353.4903200672,2431.511111111111,0.0867004671552239,273100.0,1652.0,1612.0
55241,54726,49564,309.0,16961,12555,4406,33018,1850.0,55241,530640.1113964511,2832.267543859649,0.0943244527281365,379200.0,1850.0,2154.0
36405,35495,32082,248.0,10582,4036,6546,33030,1237.0,36405,512532.5023269248,2252.1666666666665,0.0961543879419636,342900.0,1237.0,1314.0
7692,7649,7285,51.0,2419,2177,242,33031,1471.0,7692,907840.0167813102,2833.2084829290993,0.0475879199895411,441700.0,1471.0,136.0
57327,56817,50215,480.0,17014,10075,6939,33032,1520.0,57327,455210.4522445742,2678.8281210272057,0.1161976169104317,340000.0,1520.0,2116.0
68121,67290,58616,331.0,19948,11177,8771,33033,1571.0,68121,435166.2393320717,2468.661746031746,0.1289047406746916,332300.0,1571.0,2652.299999999998
23774,23425,20866,424.0,5930,1825,4105,33034,1273.0,23774,383165.59878408303,2269.9007936507937,0.1092422625400213,195700.0,1273.0,745.0
16788,16710,14167,107.0,5474,2850,2624,33035,1781.0,16788,333140.66613008897,2264.18201754386,0.1521843207660083,248900.0,1781.0,907.0
52047,51801,48476,387.0,17306,12508,4798,33165,1704.0,52047,681210.4038035698,3112.2321428571427,0.0641879500395745,440700.0,1704.0,1068.0
26364,26131,21813,440.0,9834,4820,5014,33166,1655.0,26364,607020.851584569,2855.0596903096903,0.1652443457961807,466500.0,1655.0,1482.0
22823,22680,21223,200.0,6639,3963,2676,33167,1337.0,22823,467360.61195938895,2943.8888888888887,0.0642416225749559,292300.0,1337.0,520.0
23458,23310,21621,202.0,6486,4892,1594,33168,1485.0,23458,460671.15740656696,2500.555555555556,0.0724581724581724,293800.0,1485.0,732.0
42156,41859,38407,769.0,13254,6892,6362,33169,1480.0,42156,466275.7539330061,2390.684523809524,0.0824673308010224,321100.0,1480.0,898.0
14477,14213,12531,75.0,4433,2706,1727,33170,1525.0,14477,572190.9267844044,2408.2916666666665,0.1183423626257651,381000.0,1525.0,703.0
40278,40047,34746,301.0,14485,6631,7854,33172,1826.0,40278,299949.09129993204,2478.447368421053,0.1323694658775938,235800.0,1826.0,1614.0
33026,32668,29530,254.0,11749,8071,3678,33173,1840.0,33026,569427.0192781443,2639.984593837535,0.096057303783519,417500.0,1840.0,1207.0
34335,34087,29393,984.0,11050,5579,5471,33174,1667.0,34335,443497.0638608453,2579.6309523809523,0.1377064570070701,357400.0,1667.0,892.0
50233,49752,46468,218.0,17115,13043,4072,33175,1844.0,50233,625095.250620412,2880.7619047619046,0.0660073966875703,421400.0,1844.0,764.0
52719,52348,47733,126.0,18847,11835,7012,33176,1605.0,52719,629113.56497749,2346.986289173789,0.0881600061129365,541600.0,1605.0,1777.0
56791,56329,52146,345.0,16240,12196,4044,33177,1961.0,56791,573699.5590516581,2751.337037037037,0.0742601501890678,362100.0,1961.0,1820.0
64751,64010,49730,876.0,19718,9573,10145,33178,2466.0,64751,556534.6998928332,3031.0411667811773,0.2230901421652866,464100.0,2466.0,2652.299999999998
48196,47663,42500,778.0,18433,10437,7996,33179,1627.0,48196,277220.96520552033,2206.432367149758,0.1083230178545202,239900.0,1627.0,1722.0
32881,32651,28830,508.0,14456,9314,5142,33180,2323.0,32881,465240.65727750375,3053.314465981133,0.1170255122354598,448300.0,2323.0,755.0
20448,19932,16391,430.0,8384,3444,4940,33181,1530.0,20448,318112.886510796,2401.695652173913,0.1776540236805137,296800.0,1530.0,980.0
13163,13108,12476,150.0,4240,3508,732,33182,2264.0,13163,670861.8468865172,3527.777777777778,0.0482148306377784,439900.0,2264.0,145.0
34057,33837,31938,88.0,12349,8144,4205,33183,1778.0,34057,395276.9511923164,2516.5242165242166,0.0561219966309069,346600.0,1778.0,724.0
20850,20810,19432,32.0,6548,4572,1976,33184,1976.0,20850,570272.085487892,2858.333333333333,0.0662181643440653,364200.0,1976.0,447.0
29530,29255,27681,48.0,8974,7262,1712,33185,2642.0,29530,674531.0497545387,3525.555555555555,0.0538027687574773,459800.0,2581.649999999999,520.0
68750,67972,62890,244.0,23284,15675,7609,33186,1961.0,68750,524032.46199085546,2613.3375104427737,0.0747660801506502,391500.0,1961.0,2002.0
19346,19174,17721,80.0,5656,4953,703,33187,2269.0,19346,717925.6653060889,3456.666666666667,0.0757797016793574,467900.0,2269.0,558.0
24575,24398,22189,147.0,8431,4972,3459,33189,1496.0,24575,554054.5256170727,2689.349867724868,0.090540208213788,357200.0,1496.0,739.0
16909,16700,13751,330.88157894736844,5373,2450,2923,33190,1663.0,16909,436289.91821852187,2599.333333333333,0.1765868263473053,339000.0,1663.0,1282.0
47116,46995,43137,107.0,15643,9277,6366,33193,1697.0,47116,444387.8321485156,2468.769841269841,0.0820938397701883,384600.0,1697.0,1575.0
8617,8513,7756,299.0,1962,1576,386,33194,2363.0,8617,570992.5725511562,2833.2084829290993,0.0889228239163632,439500.0,2363.0,148.0
54187,53631,47585,131.0,16980,11447,5533,33196,2011.0,54187,567280.1136530304,2520.628472222222,0.1127333072290279,428400.0,2011.0,2209.0
31590,31289,28633,300.0,10281,4939,5342,33054,1244.0,31590,420745.5669693744,2662.5,0.0848860621943814,267300.0,1244.0,1047.0
37977,37702,33945,310.0,11898,8916,2982,33055,1546.0,37977,504885.8693866418,3080.555555555555,0.099649885947695,307100.0,1546.0,1482.0
37274,37017,34487,508.0,11593,7522,4071,33056,1560.0,37274,480856.0975765718,2730.769841269841,0.0683469757138612,288000.0,1560.0,623.0
